gene,African PAGE,Hispanic and Latin American,Native American,European,South Asian,East Asian
ACAD9,1.0,0.0,0.0,0.0,0.0,0.0
ADIPOQ,1.0,0.0,0.0,0.0,0.0,0.0
ADIPOQ-AS1,1.0,0.0,0.0,0.0,0.0,0.0
ARHGAP31,1.0,0.0,0.0,0.0,0.0,0.0
C3orf27,1.0,0.0,0.0,0.0,0.0,0.0
CD200R1L,1.0,0.0,0.0,0.0,0.0,0.0
GATA2,1.0,0.0,0.0,0.0,0.0,0.0
HRG,1.0,0.0,0.0,0.0,0.0,0.0
IL1RAP,1.0,0.0,0.0,0.0,0.0,0.0
KIAA1257,1.0,0.0,0.0,0.0,0.0,0.0
KNG1,1.0,0.0,0.0,0.0,0.0,0.0
LOC90246,1.0,0.0,0.0,0.0,0.0,0.0
LOC101927394,1.0,0.0,0.0,0.0,0.0,0.0
LOC101929694,1.0,0.0,0.0,0.0,0.0,0.0
OXTR,1.0,0.0,0.0,0.0,0.0,0.0
TMEM39A,1.0,0.0,0.0,0.0,0.0,0.0
CRSP8P,1.0,0.0,0.0,0.0,0.0,0.0
LOC644936,1.0,0.0,0.0,0.0,0.0,0.0
SPZ1,1.0,0.0,0.0,0.0,0.0,0.0
RNU6-52P,1.0,0.0,0.0,0.0,0.0,0.0
AATF,1.0,0.0,0.0,0.0,0.0,0.0
AATK,1.0,0.0,0.0,0.0,0.0,0.0
AATK-AS1,1.0,0.0,0.0,0.0,0.0,0.0
BAIAP2,1.0,0.0,0.0,0.0,0.0,0.0
CEP131,1.0,0.0,0.0,0.0,0.0,0.0
DHRS13,1.0,0.0,0.0,0.0,0.0,0.0
ERAL1,1.0,0.0,0.0,0.0,0.0,0.0
FAM20A,1.0,0.0,0.0,0.0,0.0,0.0
FLOT2,1.0,0.0,0.0,0.0,0.0,0.0
LHX1,1.0,0.0,0.0,0.0,0.0,0.0
LOC101927018,1.0,0.0,0.0,0.0,0.0,0.0
LOC101928104,1.0,0.0,0.0,0.0,0.0,0.0
MIR144,1.0,0.0,0.0,0.0,0.0,0.0
MIR338,1.0,0.0,0.0,0.0,0.0,0.0
MIR451A,1.0,0.0,0.0,0.0,0.0,0.0
MIR451B,1.0,0.0,0.0,0.0,0.0,0.0
MIR657,1.0,0.0,0.0,0.0,0.0,0.0
MIR1250,1.0,0.0,0.0,0.0,0.0,0.0
MIR3065,1.0,0.0,0.0,0.0,0.0,0.0
MIR4732,1.0,0.0,0.0,0.0,0.0,0.0
BCAM,1.0,0.0,0.0,0.0,0.0,0.0
CBLC,1.0,0.0,0.0,0.0,0.0,0.0
CCER2,1.0,0.0,0.0,0.0,0.0,0.0
CDC42EP5,1.0,0.0,0.0,0.0,0.0,0.0
CRTC1,1.0,0.0,0.0,0.0,0.0,0.0
CTXN1,1.0,0.0,0.0,0.0,0.0,0.0
ECH1,1.0,0.0,0.0,0.0,0.0,0.0
ELAVL1,1.0,0.0,0.0,0.0,0.0,0.0
EPS8L1,1.0,0.0,0.0,0.0,0.0,0.0
GDF15,1.0,0.0,0.0,0.0,0.0,0.0
GOLGA2P9,1.0,0.0,0.0,0.0,0.0,0.0
GP6,1.0,0.0,0.0,0.0,0.0,0.0
GPI,1.0,0.0,0.0,0.0,0.0,0.0
HNRNPL,1.0,0.0,0.0,0.0,0.0,0.0
ISYNA1,1.0,0.0,0.0,0.0,0.0,0.0
KCNC3,1.0,0.0,0.0,0.0,0.0,0.0
KIAA0355,1.0,0.0,0.0,0.0,0.0,0.0
KLK2,1.0,0.0,0.0,0.0,0.0,0.0
KLK4,1.0,0.0,0.0,0.0,0.0,0.0
KLK5,1.0,0.0,0.0,0.0,0.0,0.0
KLK6,1.0,0.0,0.0,0.0,0.0,0.0
KLKP1,1.0,0.0,0.0,0.0,0.0,0.0
LAIR2,1.0,0.0,0.0,0.0,0.0,0.0
LENG8,1.0,0.0,0.0,0.0,0.0,0.0
LENG9,1.0,0.0,0.0,0.0,0.0,0.0
LILRP2,1.0,0.0,0.0,0.0,0.0,0.0
LINC01233,1.0,0.0,0.0,0.0,0.0,0.0
LOC100996349,1.0,0.0,0.0,0.0,0.0,0.0
LRRC25,1.0,0.0,0.0,0.0,0.0,0.0
MAP2K7,1.0,0.0,0.0,0.0,0.0,0.0
MIR3189,1.0,0.0,0.0,0.0,0.0,0.0
NAPSA,1.0,0.0,0.0,0.0,0.0,0.0
NAPSB,1.0,0.0,0.0,0.0,0.0,0.0
NFKBIB,1.0,0.0,0.0,0.0,0.0,0.0
NR1H2,1.0,0.0,0.0,0.0,0.0,0.0
OR1M1,1.0,0.0,0.0,0.0,0.0,0.0
OR7G1,1.0,0.0,0.0,0.0,0.0,0.0
OR7G2,1.0,0.0,0.0,0.0,0.0,0.0
OR7G3,1.0,0.0,0.0,0.0,0.0,0.0
PGPEP1,1.0,0.0,0.0,0.0,0.0,0.0
POLD1,1.0,0.0,0.0,0.0,0.0,0.0
PPP1R12C,1.0,0.0,0.0,0.0,0.0,0.0
PVRL2,1.0,0.0,0.0,0.0,0.0,0.0
RDH13,1.0,0.0,0.0,0.0,0.0,0.0
RINL,1.0,0.0,0.0,0.0,0.0,0.0
SARS2,1.0,0.0,0.0,0.0,0.0,0.0
SIRT2,1.0,0.0,0.0,0.0,0.0,0.0
SNAPC2,1.0,0.0,0.0,0.0,0.0,0.0
SPIB,1.0,0.0,0.0,0.0,0.0,0.0
SSBP4,1.0,0.0,0.0,0.0,0.0,0.0
TGFBR3L,1.0,0.0,0.0,0.0,0.0,0.0
TIMM44,1.0,0.0,0.0,0.0,0.0,0.0
TTYH1,1.0,0.0,0.0,0.0,0.0,0.0
WDR87,1.0,0.0,0.0,0.0,0.0,0.0
ZNF83,1.0,0.0,0.0,0.0,0.0,0.0
ZNF317,1.0,0.0,0.0,0.0,0.0,0.0
ZNF611,1.0,0.0,0.0,0.0,0.0,0.0
MYOG,0.0,1.0,0.0,0.0,0.0,0.0
PPFIA4,0.0,1.0,0.0,0.0,0.0,0.0
ATOH8,0.0,1.0,0.0,0.0,0.0,0.0
C2orf88,0.0,1.0,0.0,0.0,0.0,0.0
HIBCH,0.0,1.0,0.0,0.0,0.0,0.0
INHBB,0.0,1.0,0.0,0.0,0.0,0.0
KLHL41,0.0,1.0,0.0,0.0,0.0,0.0
LINC00152,0.0,1.0,0.0,0.0,0.0,0.0
LOC284950,0.0,1.0,0.0,0.0,0.0,0.0
LOC101927406,0.0,1.0,0.0,0.0,0.0,0.0
MIR6071,0.0,1.0,0.0,0.0,0.0,0.0
OR6B2,0.0,1.0,0.0,0.0,0.0,0.0
OR6B3,0.0,1.0,0.0,0.0,0.0,0.0
PRR21,0.0,1.0,0.0,0.0,0.0,0.0
RALB,0.0,1.0,0.0,0.0,0.0,0.0
TWIST2,0.0,1.0,0.0,0.0,0.0,0.0
C9orf152,0.0,1.0,0.0,0.0,0.0,0.0
TXN,0.0,1.0,0.0,0.0,0.0,0.0
TXNDC8,0.0,1.0,0.0,0.0,0.0,0.0
CACNA1C-IT3,0.0,1.0,1.0,0.0,0.0,0.0
GAPDH,0.0,1.0,0.0,0.0,0.0,0.0
GTSF1,0.0,1.0,0.0,0.0,0.0,0.0
IFFO1,0.0,1.0,0.0,0.0,0.0,0.0
MRPL51,0.0,1.0,0.0,0.0,0.0,0.0
NOP2,0.0,1.0,0.0,0.0,0.0,0.0
SCARNA10,0.0,1.0,0.0,0.0,0.0,0.0
SLC6A15,0.0,1.0,0.0,0.0,0.0,0.0
VAMP1,0.0,1.0,0.0,0.0,0.0,0.0
FN3K,0.0,1.0,0.0,0.0,0.0,0.0
LRP8,0.0,0.0,1.0,0.0,0.0,0.0
FLJ32255,0.0,0.0,1.0,0.0,0.0,0.0
MIR3141,0.0,0.0,1.0,0.0,0.0,0.0
ADAM3A,0.0,0.0,1.0,0.0,0.0,0.0
AGPAT5,0.0,0.0,1.0,1.0,0.0,1.0
C8orf31,0.0,0.0,1.0,0.0,0.0,0.0
CDC42P3,0.0,0.0,1.0,0.0,0.0,0.0
CLVS1,0.0,0.0,1.0,0.0,0.0,0.0
DLGAP2,0.0,0.0,1.0,0.0,0.0,0.0
DLGAP2-AS1,0.0,0.0,1.0,0.0,0.0,0.0
ENTPD4,0.0,0.0,1.0,0.0,0.0,0.0
FBXL6,0.0,0.0,1.0,0.0,0.0,0.0
LOC286083,0.0,0.0,1.0,0.0,0.0,0.0
LOC100130964,0.0,0.0,1.0,0.0,0.0,0.0
LOC100133669,0.0,0.0,1.0,0.0,0.0,0.0
LOXL2,0.0,0.0,1.0,0.0,0.0,0.0
LY6E,0.0,0.0,1.0,0.0,0.0,0.0
MED30,0.0,0.0,1.0,0.0,0.0,0.0
MIR939,0.0,0.0,1.0,0.0,0.0,0.0
MIR4659A,0.0,0.0,1.0,1.0,0.0,1.0
MIR4659B,0.0,0.0,1.0,1.0,0.0,1.0
NCOA2,0.0,0.0,1.0,0.0,0.0,0.0
PTK2B,0.0,0.0,1.0,0.0,0.0,0.0
RSPO2,0.0,0.0,1.0,0.0,0.0,0.0
SCRT1,0.0,0.0,1.0,0.0,0.0,0.0
SLC52A2,0.0,0.0,1.0,0.0,0.0,0.0
SNAI2,0.0,0.0,1.0,0.0,0.0,0.0
TMEM249,0.0,0.0,1.0,0.0,0.0,0.0
TRIM35,0.0,0.0,1.0,0.0,0.0,0.0
YWHAZ,0.0,0.0,1.0,0.0,0.0,0.0
AKR1C2,0.0,0.0,1.0,0.0,0.0,0.0
AKR1C3,0.0,0.0,1.0,0.0,0.0,0.0
C10orf118,0.0,0.0,1.0,0.0,0.0,0.0
GHITM,0.0,0.0,1.0,0.0,0.0,0.0
MIR2110,0.0,0.0,1.0,0.0,0.0,0.0
MIR4483,0.0,0.0,1.0,0.0,0.0,0.0
PLEKHS1,0.0,0.0,1.0,0.0,0.0,0.0
CACNA1C-AS4,0.0,0.0,1.0,0.0,0.0,0.0
FAM101A,0.0,0.0,1.0,0.0,0.0,0.0
MIR6880,0.0,0.0,1.0,0.0,0.0,0.0
PDZRN4,0.0,0.0,1.0,0.0,0.0,0.0
RPSAP52,0.0,0.0,1.0,0.0,0.0,0.0
CDH20,0.0,0.0,1.0,0.0,0.0,0.0
FECH,0.0,0.0,1.0,0.0,0.0,0.0
LOC101927642,0.0,0.0,1.0,0.0,0.0,0.0
ONECUT2,0.0,0.0,1.0,0.0,0.0,0.0
ARHGEF1,0.0,0.0,1.0,0.0,0.0,0.0
ATP1A3,0.0,0.0,1.0,0.0,0.0,0.0
BSPH1,0.0,0.0,1.0,0.0,0.0,0.0
CYP2A13,0.0,0.0,1.0,0.0,0.0,0.0
CYP2F1,0.0,0.0,1.0,0.0,0.0,0.0
ELSPBP1,0.0,0.0,1.0,0.0,0.0,0.0
GRIK5,0.0,0.0,1.0,0.0,0.0,0.0
LOC101928517,0.0,0.0,1.0,0.0,0.0,0.0
LRG1,0.0,0.0,1.0,0.0,0.0,0.0
MIR8074,0.0,0.0,1.0,0.0,0.0,0.0
NLRP9,0.0,0.0,1.0,0.0,0.0,0.0
PLIN4,0.0,0.0,1.0,0.0,0.0,0.0
RABAC1,0.0,0.0,1.0,0.0,0.0,0.0
RFPL4A,0.0,0.0,1.0,0.0,0.0,0.0
RFPL4AL1,0.0,0.0,1.0,0.0,0.0,0.0
SIGLEC7,0.0,0.0,1.0,0.0,0.0,0.0
SIGLEC17P,0.0,0.0,1.0,0.0,0.0,0.0
SNAR-A3,0.0,0.0,1.0,0.0,0.0,0.0
SNAR-A4,0.0,0.0,1.0,0.0,0.0,0.0
SNAR-A5,0.0,0.0,1.0,0.0,0.0,0.0
SNAR-A6,0.0,0.0,1.0,0.0,0.0,0.0
SNAR-A7,0.0,0.0,1.0,0.0,0.0,0.0
SNAR-A8,0.0,0.0,1.0,0.0,0.0,0.0
SNAR-A9,0.0,0.0,1.0,0.0,0.0,0.0
SNAR-A10,0.0,0.0,1.0,0.0,0.0,0.0
SNAR-A11,0.0,0.0,1.0,0.0,0.0,0.0
SNAR-A14,0.0,0.0,1.0,0.0,0.0,0.0
SNAR-C3,0.0,0.0,1.0,0.0,0.0,0.0
SNAR-C4,0.0,0.0,1.0,0.0,0.0,0.0
LGALS1,0.0,0.0,1.0,0.0,0.0,0.0
NOL12,0.0,0.0,1.0,0.0,0.0,0.0
PDXP,0.0,0.0,1.0,0.0,0.0,0.0
TRIOBP,0.0,0.0,1.0,0.0,0.0,0.0
CNTN2,0.0,0.0,0.0,1.0,0.0,0.0
DNM3,0.0,0.0,0.0,1.0,0.0,0.0
GCSAML,0.0,0.0,0.0,1.0,0.0,0.0
GCSAML-AS1,0.0,0.0,0.0,1.0,0.0,0.0
LDLRAP1,0.0,0.0,0.0,1.0,0.0,0.0
NFASC,0.0,0.0,0.0,1.0,0.0,0.0
OR2C3,0.0,0.0,0.0,1.0,0.0,0.0
OR2G2,0.0,0.0,0.0,1.0,0.0,0.0
OR2G3,0.0,0.0,0.0,1.0,0.0,0.0
RBBP5,0.0,0.0,0.0,1.0,0.0,0.0
SCARNA1,0.0,0.0,0.0,1.0,0.0,0.0
TMEM81,0.0,0.0,0.0,1.0,0.0,0.0
EHD3,0.0,0.0,0.0,1.0,0.0,0.0
GMCL1,0.0,0.0,0.0,1.0,0.0,0.0
MEIS1-AS3,0.0,0.0,0.0,1.0,0.0,0.0
ARHGEF3,0.0,0.0,0.0,1.0,0.0,0.0
CHRD,0.0,0.0,0.0,1.0,0.0,0.0
CLCN2,0.0,0.0,0.0,1.0,0.0,0.0
ECE2,0.0,0.0,0.0,1.0,0.0,0.0
EIF4G1,0.0,0.0,0.0,1.0,0.0,0.0
FAM131A,0.0,0.0,0.0,1.0,0.0,0.0
POLR2H,0.0,0.0,0.0,1.0,0.0,0.0
PSMD2,0.0,0.0,0.0,1.0,0.0,0.0
SNORD66,0.0,0.0,0.0,1.0,0.0,0.0
THPO,0.0,0.0,0.0,1.0,0.0,0.0
F2R,0.0,0.0,0.0,1.0,0.0,0.0
F2RL1,0.0,0.0,0.0,1.0,0.0,0.0
NCRUPAR,0.0,0.0,0.0,1.0,0.0,0.0
S100Z,0.0,0.0,0.0,1.0,0.0,0.0
ALDH8A1,0.0,0.0,0.0,1.0,0.0,0.0
BAK1,0.0,0.0,0.0,1.0,0.0,0.0
CUTA,0.0,0.0,0.0,1.0,0.0,0.0
DAXX,0.0,0.0,0.0,1.0,0.0,0.0
GGNBP1,0.0,0.0,0.0,1.0,0.0,0.0
HBS1L,0.0,0.0,0.0,1.0,0.0,0.0
IP6K3,0.0,0.0,0.0,1.0,0.0,0.0
ITPR3,0.0,0.0,0.0,1.0,0.0,0.0
KIFC1,0.0,0.0,0.0,1.0,0.0,0.0
LINC00336,0.0,0.0,0.0,1.0,0.0,0.0
MIR3662,0.0,0.0,0.0,1.0,0.0,0.0
MIR5004,0.0,0.0,0.0,1.0,0.0,0.0
PHF1,0.0,0.0,0.0,1.0,0.0,0.0
SYNGAP1,0.0,0.0,0.0,1.0,0.0,0.0
TAPBP,0.0,0.0,0.0,1.0,0.0,0.0
UQCC2,0.0,0.0,0.0,1.0,0.0,0.0
ZBTB9,0.0,0.0,0.0,1.0,0.0,0.0
ZBTB22,0.0,0.0,0.0,1.0,0.0,0.0
ASB15,0.0,0.0,0.0,1.0,0.0,0.0
CCDC71L,0.0,0.0,0.0,1.0,0.0,0.0
LMOD2,0.0,0.0,0.0,1.0,0.0,0.0
LOC102724555,0.0,0.0,0.0,1.0,0.0,0.0
PMS2P1,0.0,0.0,0.0,1.0,0.0,0.0
WASL,0.0,0.0,0.0,1.0,0.0,0.0
ADRA1A,0.0,0.0,0.0,1.0,0.0,0.0
ASH2L,0.0,0.0,0.0,1.0,0.0,0.0
BAG4,0.0,0.0,0.0,1.0,0.0,0.0
BAI1,0.0,0.0,0.0,1.0,0.0,0.0
C8orf4,0.0,0.0,0.0,1.0,0.0,0.0
CHRAC1,0.0,0.0,0.0,1.0,0.0,0.0
CPSF1,0.0,0.0,0.0,1.0,0.0,0.0
CYC1,0.0,0.0,0.0,1.0,0.0,0.0
CYP11B1,0.0,0.0,0.0,1.0,0.0,0.0
DCAF4L2,0.0,0.0,0.0,1.0,0.0,0.0
DENND3,0.0,0.0,0.0,1.0,0.0,0.0
DOK2,0.0,0.0,0.0,1.0,0.0,0.0
DUSP26,0.0,0.0,0.0,1.0,0.0,0.0
EPPK1,0.0,0.0,0.0,1.0,0.0,0.0
EXOSC4,0.0,0.0,0.0,1.0,0.0,0.0
FAM49B,0.0,0.0,0.0,1.0,0.0,0.0
FAM83H-AS1,0.0,0.0,0.0,1.0,0.0,0.0
FAM87A,0.0,0.0,0.0,1.0,0.0,0.0
FAM203A,0.0,0.0,0.0,1.0,0.0,0.0
FLJ46284,0.0,0.0,0.0,1.0,0.0,0.0
FSBP,0.0,0.0,0.0,1.0,0.0,0.0
GFRA2,0.0,0.0,0.0,1.0,0.0,0.0
GPAA1,0.0,0.0,0.0,1.0,0.0,0.0
GRINA,0.0,0.0,0.0,1.0,0.0,0.0
GSR,0.0,0.0,0.0,1.0,0.0,0.0
GTF2E2,0.0,0.0,0.0,1.0,0.0,0.0
HAS2-AS1,0.0,0.0,0.0,1.0,0.0,0.0
HOOK3,0.0,0.0,0.0,1.0,0.0,0.0
KIAA1429,0.0,0.0,0.0,1.0,0.0,0.0
KIAA1875,0.0,0.0,0.0,1.0,0.0,0.0
LOC100287098,0.0,0.0,0.0,1.0,0.0,0.0
LRRCC1,0.0,0.0,0.0,1.0,0.0,0.0
LSM1,0.0,0.0,0.0,1.0,0.0,0.0
LY96,0.0,0.0,0.0,1.0,0.0,0.0
MAF1,0.0,0.0,0.0,1.0,0.0,0.0
MAFA,0.0,0.0,0.0,1.0,0.0,0.0
MCPH1,0.0,0.0,0.0,1.0,0.0,0.0
MICU3,0.0,0.0,0.0,1.0,0.0,0.0
MIR661,0.0,0.0,0.0,1.0,0.0,0.0
MIR937,0.0,0.0,0.0,1.0,0.0,0.0
MIR2052,0.0,0.0,0.0,1.0,0.0,0.0
MIR3150A,0.0,0.0,0.0,1.0,0.0,0.0
MIR3150B,0.0,0.0,0.0,1.0,0.0,0.0
MIR4469,0.0,0.0,0.0,1.0,0.0,0.0
MIR5194,0.0,0.0,0.0,1.0,0.0,0.0
MIR6846,0.0,0.0,0.0,1.0,0.0,0.0
MIR6847,0.0,0.0,0.0,1.0,0.0,0.0
MIR6893,0.0,0.0,0.0,1.0,0.0,0.0
MROH1,0.0,0.0,0.0,1.0,0.0,0.0
MTERFD1,0.0,0.0,0.0,1.0,0.0,0.0
MTSS1,0.0,0.0,0.0,1.0,0.0,0.0
NACAP1,0.0,0.0,0.0,1.0,0.0,0.0
NRBP2,0.0,0.0,0.0,1.0,0.0,0.0
NRG1-IT3,0.0,0.0,0.0,1.0,0.0,0.0
OPLAH,0.0,0.0,0.0,1.0,0.0,0.0
PARP10,0.0,0.0,0.0,1.0,0.0,0.0
PLEC,0.0,0.0,0.0,1.0,0.0,0.0
PTP4A3,0.0,0.0,0.0,1.0,0.0,0.0
PUF60,0.0,0.0,0.0,1.0,0.0,0.0
RAD54B,0.0,0.0,0.0,1.0,0.0,0.0
RHPN1,0.0,0.0,0.0,1.0,0.0,0.0
RNF170,0.0,0.0,0.0,1.0,0.0,0.0
RUNX1T1,0.0,0.0,0.0,1.0,0.0,0.0
SCRIB,0.0,0.0,0.0,1.0,0.0,0.0
SHARPIN,0.0,0.0,0.0,1.0,0.0,0.0
SLC39A4,0.0,0.0,0.0,1.0,0.0,0.0
SLC45A4,0.0,0.0,0.0,1.0,0.0,0.0
SLURP1,0.0,0.0,0.0,1.0,0.0,0.0
SMIM18,0.0,0.0,0.0,1.0,0.0,0.0
SPATC1,0.0,0.0,0.0,1.0,0.0,0.0
ST18,0.0,0.0,0.0,1.0,0.0,0.0
STAR,0.0,0.0,0.0,1.0,0.0,0.0
STK3,0.0,0.0,0.0,1.0,0.0,0.0
TCEB1,0.0,0.0,0.0,1.0,0.0,0.0
THAP1,0.0,0.0,0.0,1.0,0.0,0.0
TMEM67,0.0,0.0,0.0,1.0,0.0,0.0
TONSL,0.0,0.0,0.0,1.0,0.0,0.0
TSNARE1,0.0,0.0,0.0,1.0,0.0,0.0
UQCRB,0.0,0.0,0.0,1.0,0.0,0.0
UTP23,0.0,0.0,0.0,1.0,0.0,0.0
XPO7,0.0,0.0,0.0,1.0,0.0,0.0
ZC3H3,0.0,0.0,0.0,1.0,0.0,0.0
ZFPM2,0.0,0.0,0.0,1.0,0.0,0.0
ZNF250,0.0,0.0,0.0,1.0,0.0,0.0
AK3,0.0,0.0,0.0,1.0,0.0,0.0
CDC37L1,0.0,0.0,0.0,1.0,0.0,0.0
INSL6,0.0,0.0,0.0,1.0,0.0,0.0
JAK2,0.0,0.0,0.0,1.0,0.0,0.0
MIR101-2,0.0,0.0,0.0,1.0,0.0,0.0
RCL1,0.0,0.0,0.0,1.0,0.0,0.0
JMJD1C,0.0,0.0,0.0,1.0,0.0,0.0
JMJD1C-AS1,0.0,0.0,0.0,1.0,0.0,0.0
NRBF2,0.0,0.0,0.0,1.0,0.0,0.0
ABCG4,0.0,0.0,0.0,1.0,0.0,0.0
C2CD2L,0.0,0.0,0.0,1.0,0.0,0.0
H2AFX,0.0,0.0,0.0,1.0,0.0,0.0
HINFP,0.0,0.0,0.0,1.0,0.0,0.0
HMBS,0.0,0.0,0.0,1.0,0.0,0.0
NLRX1,0.0,0.0,0.0,1.0,0.0,0.0
PSMD13,0.0,0.0,0.0,1.0,0.0,0.0
RIC8A,0.0,0.0,0.0,1.0,0.0,0.0
ACAD10,0.0,0.0,0.0,1.0,0.0,0.0
ADAM1A,0.0,0.0,0.0,1.0,0.0,0.0
ALDH2,0.0,0.0,0.0,1.0,0.0,0.0
ATXN2,0.0,0.0,0.0,1.0,0.0,0.0
BIN2,0.0,0.0,0.0,1.0,0.0,0.0
BRAP,0.0,0.0,0.0,1.0,0.0,0.0
CBX5,0.0,0.0,0.0,1.0,0.0,0.0
CD9,0.0,0.0,0.0,1.0,0.0,0.0
CELA1,0.0,0.0,0.0,1.0,0.0,0.0
COPZ1,0.0,0.0,0.0,1.0,0.0,0.0
CUX2,0.0,0.0,0.0,1.0,0.0,0.0
GALNT6,0.0,0.0,0.0,1.0,0.0,0.0
HECTD4,0.0,0.0,0.0,1.0,0.0,0.0
HNRNPA1,0.0,0.0,0.0,1.0,0.0,0.0
HNRNPA1P10,0.0,0.0,0.0,1.0,0.0,0.0
HPD,0.0,0.0,0.0,1.0,0.0,0.0
LINC01089,0.0,0.0,0.0,1.0,0.0,0.0
MAPKAPK5,0.0,0.0,0.0,1.0,0.0,0.0
MAPKAPK5-AS1,0.0,0.0,0.0,1.0,0.0,0.0
MIR148B,0.0,0.0,0.0,1.0,0.0,0.0
MIR3198-2,0.0,0.0,0.0,1.0,0.0,0.0
MIR6761,0.0,0.0,0.0,1.0,0.0,0.0
NFE2,0.0,0.0,0.0,1.0,0.0,0.0
PSMD9,0.0,0.0,0.0,1.0,0.0,0.0
PTPN11,0.0,0.0,0.0,1.0,0.0,0.0
RHOF,0.0,0.0,0.0,1.0,0.0,0.0
SETD1B,0.0,0.0,0.0,1.0,0.0,0.0
SH2B3,0.0,0.0,0.0,1.0,0.0,0.0
TMEM116,0.0,0.0,0.0,1.0,0.0,0.0
TMEM120B,0.0,0.0,0.0,1.0,0.0,0.0
WDR66,0.0,0.0,0.0,1.0,0.0,0.0
EXD2,0.0,0.0,0.0,1.0,0.0,0.0
EXOC3L4,0.0,0.0,0.0,1.0,0.0,0.0
GALNT16,0.0,0.0,0.0,1.0,0.0,0.0
ADAL,0.0,0.0,0.0,1.0,0.0,0.0
RNU6-28P,0.0,0.0,0.0,1.0,0.0,0.0
TP53BP1,0.0,0.0,0.0,1.0,0.0,0.0
TUBGCP4,0.0,0.0,0.0,1.0,0.0,0.0
ZSCAN29,0.0,0.0,0.0,1.0,0.0,0.0
AP2B1,0.0,0.0,0.0,1.0,0.0,0.0
C17orf107,0.0,0.0,0.0,1.0,0.0,0.0
CHRNE,0.0,0.0,0.0,1.0,0.0,0.0
MINK1,0.0,0.0,0.0,1.0,0.0,0.0
MIR4523,0.0,0.0,0.0,1.0,0.0,0.0
PIPOX,0.0,0.0,0.0,1.0,0.0,0.0
PLD2,0.0,0.0,0.0,1.0,0.0,0.0
TAOK1,0.0,0.0,0.0,1.0,0.0,0.0
ATP13A1,0.0,0.0,0.0,1.0,0.0,0.0
GMIP,0.0,0.0,0.0,1.0,0.0,0.0
LINC00661,0.0,0.0,0.0,1.0,0.0,0.0
LINC00905,0.0,0.0,0.0,1.0,0.0,0.0
LPAR2,0.0,0.0,0.0,1.0,0.0,0.0
PBX4,0.0,0.0,0.0,1.0,0.0,0.0
RAB8A,0.0,0.0,0.0,1.0,0.0,0.0
TPM4,0.0,0.0,0.0,1.0,0.0,0.0
ZNF101,0.0,0.0,0.0,1.0,0.0,0.0
ATP5E,0.0,0.0,0.0,1.0,0.0,0.0
BCL2L1,0.0,0.0,0.0,1.0,0.0,0.0
CTSZ,0.0,0.0,0.0,1.0,0.0,0.0
NELFCD,0.0,0.0,0.0,1.0,0.0,0.0
SLMO2,0.0,0.0,0.0,1.0,0.0,0.0
SLMO2-ATP5E,0.0,0.0,0.0,1.0,0.0,0.0
TPX2,0.0,0.0,0.0,1.0,0.0,0.0
TUBB1,0.0,0.0,0.0,1.0,0.0,0.0
KCNJ6,0.0,0.0,0.0,1.0,0.0,0.0
KRTAP13-1,0.0,0.0,0.0,1.0,0.0,0.0
LINC00320,0.0,0.0,0.0,1.0,0.0,0.0
MIR802,0.0,0.0,0.0,1.0,0.0,0.0
MIR3156-3,0.0,0.0,0.0,1.0,0.0,0.0
MIR6508,0.0,0.0,0.0,1.0,0.0,0.0
RUNX1,0.0,0.0,0.0,1.0,0.0,0.0
RUNX1-IT1,0.0,0.0,0.0,1.0,0.0,0.0
ZBTB21,0.0,0.0,0.0,1.0,0.0,0.0
ZNF295-AS1,0.0,0.0,0.0,1.0,0.0,0.0
CABP7,0.0,0.0,0.0,1.0,0.0,0.0
DNAJB7,0.0,0.0,0.0,1.0,0.0,0.0
HDAC10,0.0,0.0,0.0,1.0,0.0,0.0
MAPK11,0.0,0.0,0.0,1.0,0.0,0.0
MAPK12,0.0,0.0,0.0,1.0,0.0,0.0
PANX2,0.0,0.0,0.0,1.0,0.0,0.0
ST13,0.0,0.0,0.0,1.0,0.0,0.0
TRABD,0.0,0.0,0.0,1.0,0.0,0.0
UQCR10,0.0,0.0,0.0,1.0,0.0,0.0
LOC100133050,0.0,0.0,0.0,0.0,1.0,0.0
SPIN1,0.0,0.0,0.0,0.0,1.0,0.0
ANAPC16,0.0,0.0,0.0,0.0,1.0,0.0
CUL2,0.0,0.0,0.0,0.0,1.0,0.0
DDIT4,0.0,0.0,0.0,0.0,1.0,0.0
ECHS1,0.0,0.0,0.0,0.0,1.0,0.0
FAM133CP,0.0,0.0,0.0,0.0,1.0,0.0
FRA10AC1,0.0,0.0,0.0,0.0,1.0,0.0
FUOM,0.0,0.0,0.0,0.0,1.0,0.0
MIR1265,0.0,0.0,0.0,0.0,1.0,0.0
ZNF511,0.0,0.0,0.0,0.0,1.0,0.0
PUS1,0.0,0.0,0.0,0.0,1.0,0.0
SNORA49,0.0,0.0,0.0,0.0,1.0,0.0
CCDC43,0.0,0.0,0.0,0.0,1.0,0.0
KRTAP9-4,0.0,0.0,0.0,0.0,1.0,0.0
KRTAP9-9,0.0,0.0,0.0,0.0,1.0,0.0
LINC01180,0.0,0.0,0.0,0.0,1.0,0.0
SUGP1,0.0,0.0,0.0,0.0,1.0,0.0
LINC00261,0.0,0.0,0.0,0.0,1.0,0.0
ADORA3,0.0,0.0,0.0,0.0,0.0,1.0
AHCTF1,0.0,0.0,0.0,0.0,0.0,1.0
ATP1A2,0.0,0.0,0.0,0.0,0.0,1.0
ATP1A4,0.0,0.0,0.0,0.0,0.0,1.0
ATP5F1,0.0,0.0,0.0,0.0,0.0,1.0
C1orf162,0.0,0.0,0.0,0.0,0.0,1.0
CASQ1,0.0,0.0,0.0,0.0,0.0,1.0
CASQ2,0.0,0.0,0.0,0.0,0.0,1.0
COL24A1,0.0,0.0,0.0,0.0,0.0,1.0
DPYD-AS1,0.0,0.0,0.0,0.0,0.0,1.0
FMN2,0.0,0.0,0.0,0.0,0.0,1.0
GABRD,0.0,0.0,0.0,0.0,0.0,1.0
GEMIN8P4,0.0,0.0,0.0,0.0,0.0,1.0
IGSF8,0.0,0.0,0.0,0.0,0.0,1.0
LAPTM5,0.0,0.0,0.0,0.0,0.0,1.0
LOC149134,0.0,0.0,0.0,0.0,0.0,1.0
MIR5008,0.0,0.0,0.0,0.0,0.0,1.0
PRKCZ,0.0,0.0,0.0,0.0,0.0,1.0
WNT9A,0.0,0.0,0.0,0.0,0.0,1.0
ZNF326,0.0,0.0,0.0,0.0,0.0,1.0
TSGA10,0.0,0.0,0.0,0.0,0.0,1.0
ZAK,0.0,0.0,0.0,0.0,0.0,1.0
LINC00691,0.0,0.0,0.0,0.0,0.0,1.0
MAGI1,0.0,0.0,0.0,0.0,0.0,1.0
MAGI1-AS1,0.0,0.0,0.0,0.0,0.0,1.0
THRB,0.0,0.0,0.0,0.0,0.0,1.0
AMTN,0.0,0.0,0.0,0.0,0.0,1.0
ANK2,0.0,0.0,0.0,0.0,0.0,1.0
CLGN,0.0,0.0,0.0,0.0,0.0,1.0
FAM184B,0.0,0.0,0.0,0.0,0.0,1.0
FRAS1,0.0,0.0,0.0,0.0,0.0,1.0
LOC344967,0.0,0.0,0.0,0.0,0.0,1.0
LOC100129858,0.0,0.0,0.0,0.0,0.0,1.0
MUC7,0.0,0.0,0.0,0.0,0.0,1.0
N4BP2,0.0,0.0,0.0,0.0,0.0,1.0
PTTG2,0.0,0.0,0.0,0.0,0.0,1.0
SCOC,0.0,0.0,0.0,0.0,0.0,1.0
STX18-AS1,0.0,0.0,0.0,0.0,0.0,1.0
TLL1,0.0,0.0,0.0,0.0,0.0,1.0
ANKRD31,0.0,0.0,0.0,0.0,0.0,1.0
GCNT4,0.0,0.0,0.0,0.0,0.0,1.0
GPBP1,0.0,0.0,0.0,0.0,0.0,1.0
HRH2,0.0,0.0,0.0,0.0,0.0,1.0
LINC00491,0.0,0.0,0.0,0.0,0.0,1.0
LINC00492,0.0,0.0,0.0,0.0,0.0,1.0
LINC01019,0.0,0.0,0.0,0.0,0.0,1.0
LOC101926940,0.0,0.0,0.0,0.0,0.0,1.0
MAP3K1,0.0,0.0,0.0,0.0,0.0,1.0
MEGF10,0.0,0.0,0.0,0.0,0.0,1.0
MGC32805,0.0,0.0,0.0,0.0,0.0,1.0
OSMR,0.0,0.0,0.0,0.0,0.0,1.0
OSMR-AS1,0.0,0.0,0.0,0.0,0.0,1.0
SNCAIP,0.0,0.0,0.0,0.0,0.0,1.0
TENM2,0.0,0.0,0.0,0.0,0.0,1.0
WWC1,0.0,0.0,0.0,0.0,0.0,1.0
ADTRP,0.0,0.0,0.0,0.0,0.0,1.0
CDC5L,0.0,0.0,0.0,0.0,0.0,1.0
ENPP1,0.0,0.0,0.0,0.0,0.0,1.0
ENPP3,0.0,0.0,0.0,0.0,0.0,1.0
HCG26,0.0,0.0,0.0,0.0,0.0,1.0
HCP5,0.0,0.0,0.0,0.0,0.0,1.0
LINC01015,0.0,0.0,0.0,0.0,0.0,1.0
MAS1L,0.0,0.0,0.0,0.0,0.0,1.0
QRSL1,0.0,0.0,0.0,0.0,0.0,1.0
RTN4IP1,0.0,0.0,0.0,0.0,0.0,1.0
UBD,0.0,0.0,0.0,0.0,0.0,1.0
AKR1B10,0.0,0.0,0.0,0.0,0.0,1.0
AKR1B15,0.0,0.0,0.0,0.0,0.0,1.0
CLEC2L,0.0,0.0,0.0,0.0,0.0,1.0
CNTNAP2,0.0,0.0,0.0,0.0,0.0,1.0
DNAH11,0.0,0.0,0.0,0.0,0.0,1.0
DYNC1I1,0.0,0.0,0.0,0.0,0.0,1.0
EGFR,0.0,0.0,0.0,0.0,0.0,1.0
EGFR-AS1,0.0,0.0,0.0,0.0,0.0,1.0
GIMAP4,0.0,0.0,0.0,0.0,0.0,1.0
GIMAP7,0.0,0.0,0.0,0.0,0.0,1.0
GIMAP8,0.0,0.0,0.0,0.0,0.0,1.0
KLRG2,0.0,0.0,0.0,0.0,0.0,1.0
LOC101927630,0.0,0.0,0.0,0.0,0.0,1.0
MIR548F3,0.0,0.0,0.0,0.0,0.0,1.0
MIR548T,0.0,0.0,0.0,0.0,0.0,1.0
RNF216,0.0,0.0,0.0,0.0,0.0,1.0
SEMA3C,0.0,0.0,0.0,0.0,0.0,1.0
SKAP2,0.0,0.0,0.0,0.0,0.0,1.0
SLC25A13,0.0,0.0,0.0,0.0,0.0,1.0
THSD7A,0.0,0.0,0.0,0.0,0.0,1.0
ZC3HAV1,0.0,0.0,0.0,0.0,0.0,1.0
DEPTOR,0.0,0.0,0.0,0.0,0.0,1.0
FAM135B,0.0,0.0,0.0,0.0,0.0,1.0
GGH,0.0,0.0,0.0,0.0,0.0,1.0
HMBOX1,0.0,0.0,0.0,0.0,0.0,1.0
KCNU1,0.0,0.0,0.0,0.0,0.0,1.0
LINC00977,0.0,0.0,0.0,0.0,0.0,1.0
MIR7160,0.0,0.0,0.0,0.0,0.0,1.0
MYOM2,0.0,0.0,0.0,0.0,0.0,1.0
NAT1,0.0,0.0,0.0,0.0,0.0,1.0
TTPA,0.0,0.0,0.0,0.0,0.0,1.0
XKR5,0.0,0.0,0.0,0.0,0.0,1.0
ABCA2,0.0,0.0,0.0,0.0,0.0,1.0
C9orf139,0.0,0.0,0.0,0.0,0.0,1.0
DENND1A,0.0,0.0,0.0,0.0,0.0,1.0
DMRTA1,0.0,0.0,0.0,0.0,0.0,1.0
ENTPD2,0.0,0.0,0.0,0.0,0.0,1.0
FUT7,0.0,0.0,0.0,0.0,0.0,1.0
IDNK,0.0,0.0,0.0,0.0,0.0,1.0
MAN1B1,0.0,0.0,0.0,0.0,0.0,1.0
MAN1B1-AS1,0.0,0.0,0.0,0.0,0.0,1.0
MAPKAP1,0.0,0.0,0.0,0.0,0.0,1.0
MIR601,0.0,0.0,0.0,0.0,0.0,1.0
NPDC1,0.0,0.0,0.0,0.0,0.0,1.0
OR13F1,0.0,0.0,0.0,0.0,0.0,1.0
RXRA,0.0,0.0,0.0,0.0,0.0,1.0
SAPCD2,0.0,0.0,0.0,0.0,0.0,1.0
TMOD1,0.0,0.0,0.0,0.0,0.0,1.0
UAP1L1,0.0,0.0,0.0,0.0,0.0,1.0
UBQLN1,0.0,0.0,0.0,0.0,0.0,1.0
ACBD7,0.0,0.0,0.0,0.0,0.0,1.0
EIF4EBP2,0.0,0.0,0.0,0.0,0.0,1.0
KCNMA1,0.0,0.0,0.0,0.0,0.0,1.0
LRRC20,0.0,0.0,0.0,0.0,0.0,1.0
MIR4675,0.0,0.0,0.0,0.0,0.0,1.0
NET1,0.0,0.0,0.0,0.0,0.0,1.0
NODAL,0.0,0.0,0.0,0.0,0.0,1.0
OLAH,0.0,0.0,0.0,0.0,0.0,1.0
PALD1,0.0,0.0,0.0,0.0,0.0,1.0
PRF1,0.0,0.0,0.0,0.0,0.0,1.0
TUBAL3,0.0,0.0,0.0,0.0,0.0,1.0
UCN3,0.0,0.0,0.0,0.0,0.0,1.0
C1QTNF5,0.0,0.0,0.0,0.0,0.0,1.0
CD6,0.0,0.0,0.0,0.0,0.0,1.0
IGF2,0.0,0.0,0.0,0.0,0.0,1.0
IGF2-AS,0.0,0.0,0.0,0.0,0.0,1.0
INS-IGF2,0.0,0.0,0.0,0.0,0.0,1.0
MAML2,0.0,0.0,0.0,0.0,0.0,1.0
MFRP,0.0,0.0,0.0,0.0,0.0,1.0
MIR483,0.0,0.0,0.0,0.0,0.0,1.0
RNF26,0.0,0.0,0.0,0.0,0.0,1.0
RPL27A,0.0,0.0,0.0,0.0,0.0,1.0
SBF2,0.0,0.0,0.0,0.0,0.0,1.0
SLC15A3,0.0,0.0,0.0,0.0,0.0,1.0
SNORA45A,0.0,0.0,0.0,0.0,0.0,1.0
SNORA45B,0.0,0.0,0.0,0.0,0.0,1.0
SORL1,0.0,0.0,0.0,0.0,0.0,1.0
STK33,0.0,0.0,0.0,0.0,0.0,1.0
THY1,0.0,0.0,0.0,0.0,0.0,1.0
TMEM132A,0.0,0.0,0.0,0.0,0.0,1.0
TRIM66,0.0,0.0,0.0,0.0,0.0,1.0
USP2,0.0,0.0,0.0,0.0,0.0,1.0
USP2-AS1,0.0,0.0,0.0,0.0,0.0,1.0
ACACB,0.0,0.0,0.0,0.0,0.0,1.0
BCAT1,0.0,0.0,0.0,0.0,0.0,1.0
C12orf77,0.0,0.0,0.0,0.0,0.0,1.0
EPYC,0.0,0.0,0.0,0.0,0.0,1.0
FGD4,0.0,0.0,0.0,0.0,0.0,1.0
FOXN4,0.0,0.0,0.0,0.0,0.0,1.0
KERA,0.0,0.0,0.0,0.0,0.0,1.0
KIAA1551,0.0,0.0,0.0,0.0,0.0,1.0
LRMP,0.0,0.0,0.0,0.0,0.0,1.0
LRP6,0.0,0.0,0.0,0.0,0.0,1.0
RNU6-78P,0.0,0.0,0.0,0.0,0.0,1.0
TAOK3,0.0,0.0,0.0,0.0,0.0,1.0
DHRS12,0.0,0.0,0.0,0.0,0.0,1.0
ELF1,0.0,0.0,0.0,0.0,0.0,1.0
GAS6,0.0,0.0,0.0,0.0,0.0,1.0
GAS6-AS1,0.0,0.0,0.0,0.0,0.0,1.0
GPC5,0.0,0.0,0.0,0.0,0.0,1.0
KLF12,0.0,0.0,0.0,0.0,0.0,1.0
TMEM255B,0.0,0.0,0.0,0.0,0.0,1.0
VWA8,0.0,0.0,0.0,0.0,0.0,1.0
WDFY2,0.0,0.0,0.0,0.0,0.0,1.0
CALM1,0.0,0.0,0.0,0.0,0.0,1.0
EGLN3,0.0,0.0,0.0,0.0,0.0,1.0
EML5,0.0,0.0,0.0,0.0,0.0,1.0
LINC00642,0.0,0.0,0.0,0.0,0.0,1.0
AVEN,0.0,0.0,0.0,0.0,0.0,1.0
CHRM5,0.0,0.0,0.0,0.0,0.0,1.0
RYR3,0.0,0.0,0.0,0.0,0.0,1.0
RBFOX1,0.0,0.0,0.0,0.0,0.0,1.0
ULK2,0.0,0.0,0.0,0.0,0.0,1.0
C18orf63,0.0,0.0,0.0,0.0,0.0,1.0
CEP76,0.0,0.0,0.0,0.0,0.0,1.0
FAM69C,0.0,0.0,0.0,0.0,0.0,1.0
PSMG2,0.0,0.0,0.0,0.0,0.0,1.0
RTTN,0.0,0.0,0.0,0.0,0.0,1.0
SPIRE1,0.0,0.0,0.0,0.0,0.0,1.0
ZBTB7C,0.0,0.0,0.0,0.0,0.0,1.0
C3,0.0,0.0,0.0,0.0,0.0,1.0
GPR108,0.0,0.0,0.0,0.0,0.0,1.0
LILRA3,0.0,0.0,0.0,0.0,0.0,1.0
LILRA4,0.0,0.0,0.0,0.0,0.0,1.0
LILRA5,0.0,0.0,0.0,0.0,0.0,1.0
LILRA6,0.0,0.0,0.0,0.0,0.0,1.0
LILRB2,0.0,0.0,0.0,0.0,0.0,1.0
LILRB3,0.0,0.0,0.0,0.0,0.0,1.0
LILRB5,0.0,0.0,0.0,0.0,0.0,1.0
MIR4752,0.0,0.0,0.0,0.0,0.0,1.0
MIR6791,0.0,0.0,0.0,0.0,0.0,1.0
SH2D3A,0.0,0.0,0.0,0.0,0.0,1.0
SIGLEC11,0.0,0.0,0.0,0.0,0.0,1.0
SIGLEC16,0.0,0.0,0.0,0.0,0.0,1.0
TNFSF14,0.0,0.0,0.0,0.0,0.0,1.0
TRIP10,0.0,0.0,0.0,0.0,0.0,1.0
VAV1,0.0,0.0,0.0,0.0,0.0,1.0
VRK3,0.0,0.0,0.0,0.0,0.0,1.0
ZNF99,0.0,0.0,0.0,0.0,0.0,1.0
ZNF473,0.0,0.0,0.0,0.0,0.0,1.0
ZNF492,0.0,0.0,0.0,0.0,0.0,1.0
ARHGAP40,0.0,0.0,0.0,0.0,0.0,1.0
CHD6,0.0,0.0,0.0,0.0,0.0,1.0
DDRGK1,0.0,0.0,0.0,0.0,0.0,1.0
DNMT3B,0.0,0.0,0.0,0.0,0.0,1.0
ENTPD6,0.0,0.0,0.0,0.0,0.0,1.0
FASTKD5,0.0,0.0,0.0,0.0,0.0,1.0
ITPA,0.0,0.0,0.0,0.0,0.0,1.0
LOC284798,0.0,0.0,0.0,0.0,0.0,1.0
LOC101926889,0.0,0.0,0.0,0.0,0.0,1.0
LZTS3,0.0,0.0,0.0,0.0,0.0,1.0
MAPRE1,0.0,0.0,0.0,0.0,0.0,1.0
PPP4R1L,0.0,0.0,0.0,0.0,0.0,1.0
RAB22A,0.0,0.0,0.0,0.0,0.0,1.0
SLC4A11,0.0,0.0,0.0,0.0,0.0,1.0
UBOX5,0.0,0.0,0.0,0.0,0.0,1.0
UBOX5-AS1,0.0,0.0,0.0,0.0,0.0,1.0
COL6A2,0.0,0.0,0.0,0.0,0.0,1.0
DSCR3,0.0,0.0,0.0,0.0,0.0,1.0
DSCR9,0.0,0.0,0.0,0.0,0.0,1.0
JAM2,0.0,0.0,0.0,0.0,0.0,1.0
LINC00313,0.0,0.0,0.0,0.0,0.0,1.0
LINC00319,0.0,0.0,0.0,0.0,0.0,1.0
LINC00515,0.0,0.0,0.0,0.0,0.0,1.0
MIR155,0.0,0.0,0.0,0.0,0.0,1.0
MIR155HG,0.0,0.0,0.0,0.0,0.0,1.0
MRPL39,0.0,0.0,0.0,0.0,0.0,1.0
NDUFV3,0.0,0.0,0.0,0.0,0.0,1.0
PKNOX1,0.0,0.0,0.0,0.0,0.0,1.0
SIK1,0.0,0.0,0.0,0.0,0.0,1.0
TTC3,0.0,0.0,0.0,0.0,0.0,1.0
WDR4,0.0,0.0,0.0,0.0,0.0,1.0
DGCR6L,0.0,0.0,0.0,0.0,0.0,1.0
PPM1F,0.0,0.0,0.0,0.0,0.0,1.0
TOP3B,0.0,0.0,0.0,0.0,0.0,1.0
